AABBLocalPool,net/minecraft/util
AABBPool,net/minecraft/util
Achievement,net/minecraft/stats
AchievementList,net/minecraft/stats
AchievementMap,net/minecraft/stats
ActiveRenderInfo,net/minecraft/client/renderer
AnvilChunkLoader,net/minecraft/world/chunk/storage
AnvilChunkLoaderPending,net/minecraft/world/chunk/storage
AnvilConverterData,net/minecraft/world/chunk/storage
AnvilConverterException,net/minecraft/client
AnvilSaveConverter,net/minecraft/world/chunk/storage
AnvilSaveConverterFileFilter,net/minecraft/world/chunk/storage
AnvilSaveHandler,net/minecraft/world/chunk/storage
AxisAlignedBB,net/minecraft/util
BanEntry,net/minecraft/server/management
BanList,net/minecraft/server/management
BehaviorDefaultDispenseItem,net/minecraft/dispenser
BehaviorDispenseArmor,net/minecraft/item
BehaviorDispenseItemProvider,net/minecraft/dispenser
BehaviorDispenseMinecart,net/minecraft/item
BehaviorProjectileDispense,net/minecraft/dispenser
BiomeCache,net/minecraft/world/biome
BiomeCacheBlock,net/minecraft/world/biome
BiomeDecorator,net/minecraft/world/biome
BiomeEndDecorator,net/minecraft/world/biome
BiomeGenBase,net/minecraft/world/biome
BiomeGenBeach,net/minecraft/world/biome
BiomeGenDesert,net/minecraft/world/biome
BiomeGenEnd,net/minecraft/world/biome
BiomeGenForest,net/minecraft/world/biome
BiomeGenHell,net/minecraft/world/biome
BiomeGenHills,net/minecraft/world/biome
BiomeGenJungle,net/minecraft/world/biome
BiomeGenMushroomIsland,net/minecraft/world/biome
BiomeGenOcean,net/minecraft/world/biome
BiomeGenPlains,net/minecraft/world/biome
BiomeGenRiver,net/minecraft/world/biome
BiomeGenSnow,net/minecraft/world/biome
BiomeGenSwamp,net/minecraft/world/biome
BiomeGenTaiga,net/minecraft/world/biome
Block,net/minecraft/block
BlockAnvil,net/minecraft/block
BlockBasePressurePlate,net/minecraft/block
BlockBaseRailLogic,net/minecraft/block
BlockBeacon,net/minecraft/block
BlockBed,net/minecraft/block
BlockBookshelf,net/minecraft/block
BlockBreakable,net/minecraft/block
BlockBrewingStand,net/minecraft/block
BlockButton,net/minecraft/block
BlockButtonStone,net/minecraft/block
BlockButtonWood,net/minecraft/block
BlockCactus,net/minecraft/block
BlockCake,net/minecraft/block
BlockCarrot,net/minecraft/block
BlockCauldron,net/minecraft/block
BlockChest,net/minecraft/block
BlockClay,net/minecraft/block
BlockCloth,net/minecraft/block
BlockCocoa,net/minecraft/block
BlockCommandBlock,net/minecraft/block
BlockComparator,net/minecraft/block
BlockContainer,net/minecraft/block
BlockCrops,net/minecraft/block
BlockDaylightDetector,net/minecraft/block
BlockDeadBush,net/minecraft/block
BlockDetectorRail,net/minecraft/block
BlockDirectional,net/minecraft/block
BlockDirt,net/minecraft/block
BlockDispenser,net/minecraft/block
BlockDoor,net/minecraft/block
BlockDragonEgg,net/minecraft/block
BlockDropper,net/minecraft/block
BlockEnchantmentTable,net/minecraft/block
BlockEndPortal,net/minecraft/block
BlockEndPortalFrame,net/minecraft/block
BlockEnderChest,net/minecraft/block
BlockEventData,net/minecraft/block
BlockFarmland,net/minecraft/block
BlockFence,net/minecraft/block
BlockFenceGate,net/minecraft/block
BlockFire,net/minecraft/block
BlockFlower,net/minecraft/block
BlockFlowerPot,net/minecraft/block
BlockFlowing,net/minecraft/block
BlockFluid,net/minecraft/block
BlockFurnace,net/minecraft/block
BlockGlass,net/minecraft/block
BlockGlowStone,net/minecraft/block
BlockGrass,net/minecraft/block
BlockGravel,net/minecraft/block
BlockHalfSlab,net/minecraft/block
BlockHopper,net/minecraft/block
BlockIce,net/minecraft/block
BlockJukeBox,net/minecraft/block
BlockLadder,net/minecraft/block
BlockLeaves,net/minecraft/block
BlockLeavesBase,net/minecraft/block
BlockLever,net/minecraft/block
BlockLilyPad,net/minecraft/block
BlockLockedChest,net/minecraft/block
BlockLog,net/minecraft/block
BlockMelon,net/minecraft/block
BlockMobSpawner,net/minecraft/block
BlockMushroom,net/minecraft/block
BlockMushroomCap,net/minecraft/block
BlockMycelium,net/minecraft/block
BlockNetherStalk,net/minecraft/block
BlockNetherrack,net/minecraft/block
BlockNote,net/minecraft/block
BlockObsidian,net/minecraft/block
BlockOre,net/minecraft/block
BlockOreStorage,net/minecraft/block
BlockPane,net/minecraft/block
BlockPistonBase,net/minecraft/block
BlockPistonExtension,net/minecraft/block
BlockPistonMoving,net/minecraft/block
BlockPortal,net/minecraft/block
BlockPotato,net/minecraft/block
BlockPoweredOre,net/minecraft/block
BlockPressurePlate,net/minecraft/block
BlockPressurePlateWeighted,net/minecraft/block
BlockPumpkin,net/minecraft/block
BlockQuartz,net/minecraft/block
BlockRail,net/minecraft/block
BlockRailBase,net/minecraft/block
BlockRailPowered,net/minecraft/block
BlockRedstoneLight,net/minecraft/block
BlockRedstoneLogic,net/minecraft/block
BlockRedstoneOre,net/minecraft/block
BlockRedstoneRepeater,net/minecraft/block
BlockRedstoneTorch,net/minecraft/block
BlockRedstoneWire,net/minecraft/block
BlockReed,net/minecraft/block
BlockSand,net/minecraft/block
BlockSandStone,net/minecraft/block
BlockSapling,net/minecraft/block
BlockSign,net/minecraft/block
BlockSilverfish,net/minecraft/block
BlockSkull,net/minecraft/block
BlockSnow,net/minecraft/block
BlockSnowBlock,net/minecraft/block
BlockSoulSand,net/minecraft/block
BlockSourceImpl,net/minecraft/block
BlockSponge,net/minecraft/block
BlockStairs,net/minecraft/block
BlockStationary,net/minecraft/block
BlockStem,net/minecraft/block
BlockStep,net/minecraft/block
BlockStone,net/minecraft/block
BlockStoneBrick,net/minecraft/block
BlockTNT,net/minecraft/block
BlockTallGrass,net/minecraft/block
BlockTorch,net/minecraft/block
BlockTrapDoor,net/minecraft/block
BlockTripWire,net/minecraft/block
BlockTripWireSource,net/minecraft/block
BlockVine,net/minecraft/block
BlockWall,net/minecraft/block
BlockWeb,net/minecraft/block
BlockWood,net/minecraft/block
BlockWoodSlab,net/minecraft/block
BlockWorkbench,net/minecraft/block
BossStatus,net/minecraft/entity/boss
CallableBlockDataValue,net/minecraft/crash
CallableBlockLocation,net/minecraft/crash
CallableBlockType,net/minecraft/crash
CallableChunkPosHash,net/minecraft/world/gen/structure
CallableClientMemoryStats,net/minecraft/client
CallableClientProfiler,net/minecraft/client
CallableCrashMemoryReport,net/minecraft/crash
CallableEffectAmplifier,net/minecraft/entity
CallableEffectDuration,net/minecraft/entity
CallableEffectID,net/minecraft/entity
CallableEffectIsAmbient,net/minecraft/entity
CallableEffectIsSplash,net/minecraft/entity
CallableEffectName,net/minecraft/entity
CallableEntityName,net/minecraft/entity
CallableEntityTracker,net/minecraft/entity
CallableEntityType,net/minecraft/entity
CallableGLInfo,net/minecraft/client
CallableIntCache,net/minecraft/crash
CallableIsFeatureChunk,net/minecraft/world/gen/structure
CallableIsModded,net/minecraft/server/integrated
CallableIsServerModded,net/minecraft/server
CallableItemName,net/minecraft/entity/player
CallableJVMFlags,net/minecraft/crash
CallableJavaInfo,net/minecraft/crash
CallableJavaInfo2,net/minecraft/crash
CallableLWJGLVersion,net/minecraft/client
CallableLevelDimension,net/minecraft/world/storage
CallableLevelGamemode,net/minecraft/world/storage
CallableLevelGenerator,net/minecraft/world/storage
CallableLevelGeneratorOptions,net/minecraft/world/storage
CallableLevelSeed,net/minecraft/world/storage
CallableLevelSpawnLocation,net/minecraft/world/storage
CallableLevelStorageVersion,net/minecraft/world/storage
CallableLevelTime,net/minecraft/world/storage
CallableLevelWeather,net/minecraft/world/storage
CallableLvl1,net/minecraft/world
CallableLvl2,net/minecraft/world
CallableLvl3,net/minecraft/world
CallableMPL1,net/minecraft/client/multiplayer
CallableMPL2,net/minecraft/client/multiplayer
CallableMemoryInfo,net/minecraft/crash
CallableMinecraftVersion,net/minecraft/crash
CallableModded,net/minecraft/client
CallableMouseLocation,net/minecraft/client/renderer
CallableOSInfo,net/minecraft/crash
CallablePacketClass,net/minecraft/network
CallablePacketID,net/minecraft/network
CallableParticlePositionInfo,net/minecraft/client/renderer
CallableParticleScreenName,net/minecraft/client/renderer
CallableScreenName,net/minecraft/client/renderer
CallableScreenSize,net/minecraft/client/renderer
CallableServerMemoryStats,net/minecraft/server
CallableServerProfiler,net/minecraft/server
CallableServerType,net/minecraft/server/dedicated
CallableStructureType,net/minecraft/world/gen/structure
CallableSuspiciousClasses,net/minecraft/crash
CallableTagCompound1,net/minecraft/nbt
CallableTagCompound2,net/minecraft/nbt
CallableTexturePack,net/minecraft/client
CallableTickingScreenName,net/minecraft/client
CallableTileEntityData,net/minecraft/tileentity
CallableTileEntityID,net/minecraft/tileentity
CallableTileEntityName,net/minecraft/tileentity
CallableType,net/minecraft/server/dedicated
CallableType2,net/minecraft/client
CallableType3,net/minecraft/server/integrated
CallableUpdatingScreenName,net/minecraft/client
CanvasCrashReport,net/minecraft/client
CanvasMinecraftApplet,net/minecraft/client
CanvasMojangLogo,net/minecraft/client
ChatAllowedCharacters,net/minecraft/util
ChatClickData,net/minecraft/client/gui
ChatLine,net/minecraft/client/gui
ChestItemRenderHelper,net/minecraft/client/renderer
Chunk,net/minecraft/world/chunk
ChunkCache,net/minecraft/world
ChunkCoordIntPair,net/minecraft/world
ChunkCoordinates,net/minecraft/util
ChunkLoader,net/minecraft/world/chunk/storage
ChunkPosition,net/minecraft/world
ChunkProviderClient,net/minecraft/client/multiplayer
ChunkProviderEnd,net/minecraft/world/gen
ChunkProviderFlat,net/minecraft/world/gen
ChunkProviderGenerate,net/minecraft/world/gen
ChunkProviderHell,net/minecraft/world/gen
ChunkProviderServer,net/minecraft/world/gen
ClippingHelper,net/minecraft/client/renderer/culling
ClippingHelperImpl,net/minecraft/client/renderer/culling
CodecMus,net/minecraft/client/audio
ColorizerFoliage,net/minecraft/world
ColorizerGrass,net/minecraft/world
CombatEntry,net/minecraft/util
CombatTracker,net/minecraft/util
CommandBase,net/minecraft/command
CommandClearInventory,net/minecraft/command
CommandDebug,net/minecraft/command
CommandDefaultGameMode,net/minecraft/command
CommandDifficulty,net/minecraft/command
CommandEffect,net/minecraft/command
CommandEnchant,net/minecraft/command
CommandException,net/minecraft/command
CommandGameMode,net/minecraft/command
CommandGameRule,net/minecraft/command
CommandGive,net/minecraft/command
CommandHandler,net/minecraft/command
CommandHelp,net/minecraft/command
CommandKill,net/minecraft/command
CommandNotFoundException,net/minecraft/command
CommandServerBan,net/minecraft/command
CommandServerBanIp,net/minecraft/command
CommandServerBanlist,net/minecraft/command
CommandServerDeop,net/minecraft/command
CommandServerEmote,net/minecraft/command
CommandServerKick,net/minecraft/command
CommandServerList,net/minecraft/command
CommandServerMessage,net/minecraft/command
CommandServerOp,net/minecraft/command
CommandServerPardon,net/minecraft/command
CommandServerPardonIp,net/minecraft/command
CommandServerPublishLocal,net/minecraft/command
CommandServerSaveAll,net/minecraft/command
CommandServerSaveOff,net/minecraft/command
CommandServerSaveOn,net/minecraft/command
CommandServerSay,net/minecraft/command
CommandServerStop,net/minecraft/command
CommandServerTp,net/minecraft/command
CommandServerWhitelist,net/minecraft/command
CommandSetSpawnpoint,net/minecraft/command
CommandShowSeed,net/minecraft/command
CommandTime,net/minecraft/command
CommandToggleDownfall,net/minecraft/command
CommandWeather,net/minecraft/command
CommandXP,net/minecraft/command
ComparatorClassSorter,net/minecraft/crash
ComponentMineshaftCorridor,net/minecraft/world/gen/structure
ComponentMineshaftCross,net/minecraft/world/gen/structure
ComponentMineshaftRoom,net/minecraft/world/gen/structure
ComponentMineshaftStairs,net/minecraft/world/gen/structure
ComponentNetherBridgeCorridor,net/minecraft/world/gen/structure
ComponentNetherBridgeCorridor2,net/minecraft/world/gen/structure
ComponentNetherBridgeCorridor3,net/minecraft/world/gen/structure
ComponentNetherBridgeCorridor4,net/minecraft/world/gen/structure
ComponentNetherBridgeCorridor5,net/minecraft/world/gen/structure
ComponentNetherBridgeCrossing,net/minecraft/world/gen/structure
ComponentNetherBridgeCrossing2,net/minecraft/world/gen/structure
ComponentNetherBridgeCrossing3,net/minecraft/world/gen/structure
ComponentNetherBridgeEnd,net/minecraft/world/gen/structure
ComponentNetherBridgeEntrance,net/minecraft/world/gen/structure
ComponentNetherBridgeNetherStalkRoom,net/minecraft/world/gen/structure
ComponentNetherBridgePiece,net/minecraft/world/gen/structure
ComponentNetherBridgeStairs,net/minecraft/world/gen/structure
ComponentNetherBridgeStartPiece,net/minecraft/world/gen/structure
ComponentNetherBridgeStraight,net/minecraft/world/gen/structure
ComponentNetherBridgeThrone,net/minecraft/world/gen/structure
ComponentScatteredFeature,net/minecraft/world/gen/structure
ComponentScatteredFeatureDesertPyramid,net/minecraft/world/gen/structure
ComponentScatteredFeatureJunglePyramid,net/minecraft/world/gen/structure
ComponentScatteredFeaturePieces2,net/minecraft/world/gen/structure
ComponentScatteredFeatureSwampHut,net/minecraft/world/gen/structure
ComponentStronghold,net/minecraft/world/gen/structure
ComponentStrongholdChestCorridor,net/minecraft/world/gen/structure
ComponentStrongholdCorridor,net/minecraft/world/gen/structure
ComponentStrongholdCrossing,net/minecraft/world/gen/structure
ComponentStrongholdLeftTurn,net/minecraft/world/gen/structure
ComponentStrongholdLibrary,net/minecraft/world/gen/structure
ComponentStrongholdPortalRoom,net/minecraft/world/gen/structure
ComponentStrongholdPrison,net/minecraft/world/gen/structure
ComponentStrongholdRightTurn,net/minecraft/world/gen/structure
ComponentStrongholdRoomCrossing,net/minecraft/world/gen/structure
ComponentStrongholdStairs,net/minecraft/world/gen/structure
ComponentStrongholdStairs2,net/minecraft/world/gen/structure
ComponentStrongholdStairsStraight,net/minecraft/world/gen/structure
ComponentStrongholdStraight,net/minecraft/world/gen/structure
ComponentVillage,net/minecraft/world/gen/structure
ComponentVillageChurch,net/minecraft/world/gen/structure
ComponentVillageField,net/minecraft/world/gen/structure
ComponentVillageField2,net/minecraft/world/gen/structure
ComponentVillageHall,net/minecraft/world/gen/structure
ComponentVillageHouse1,net/minecraft/world/gen/structure
ComponentVillageHouse2,net/minecraft/world/gen/structure
ComponentVillageHouse3,net/minecraft/world/gen/structure
ComponentVillageHouse4_Garden,net/minecraft/world/gen/structure
ComponentVillagePathGen,net/minecraft/world/gen/structure
ComponentVillageRoadPiece,net/minecraft/world/gen/structure
ComponentVillageStartPiece,net/minecraft/world/gen/structure
ComponentVillageTorch,net/minecraft/world/gen/structure
ComponentVillageWell,net/minecraft/world/gen/structure
ComponentVillageWoodHut,net/minecraft/world/gen/structure
CompressedStreamTools,net/minecraft/nbt
Container,net/minecraft/inventory
ContainerBeacon,net/minecraft/inventory
ContainerBrewingStand,net/minecraft/inventory
ContainerChest,net/minecraft/inventory
ContainerCreative,net/minecraft/client/gui/inventory
ContainerDispenser,net/minecraft/inventory
ContainerEnchantment,net/minecraft/inventory
ContainerFurnace,net/minecraft/inventory
ContainerHopper,net/minecraft/inventory
ContainerMerchant,net/minecraft/inventory
ContainerPlayer,net/minecraft/inventory
ContainerRepair,net/minecraft/inventory
ContainerSheep,net/minecraft/entity/passive
ContainerWorkbench,net/minecraft/inventory
ConvertingProgressUpdate,net/minecraft/server
CraftingManager,net/minecraft/item/crafting
CrashReport,net/minecraft/crash
CrashReportCategory,net/minecraft/crash
CrashReportCategoryEntry,net/minecraft/crash
CreativeCrafting,net/minecraft/client/gui/inventory
CreativeTabBlock,net/minecraft/creativetab
CreativeTabBrewing,net/minecraft/creativetab
CreativeTabCombat,net/minecraft/creativetab
CreativeTabDeco,net/minecraft/creativetab
CreativeTabFood,net/minecraft/creativetab
CreativeTabInventory,net/minecraft/creativetab
CreativeTabMaterial,net/minecraft/creativetab
CreativeTabMisc,net/minecraft/creativetab
CreativeTabRedstone,net/minecraft/creativetab
CreativeTabSearch,net/minecraft/creativetab
CreativeTabTools,net/minecraft/creativetab
CreativeTabTransport,net/minecraft/creativetab
CreativeTabs,net/minecraft/creativetab
CryptManager,net/minecraft/util
DamageSource,net/minecraft/util
DataWatcher,net/minecraft/entity
DedicatedPlayerList,net/minecraft/server/dedicated
DedicatedServer,net/minecraft/server/dedicated
DedicatedServerCommandThread,net/minecraft/server/dedicated
DedicatedServerListenThread,net/minecraft/server/dedicated
DedicatedServerSleepThread,net/minecraft/server/dedicated
DemoWorldManager,net/minecraft/world/demo
DemoWorldServer,net/minecraft/world/demo
DerivedWorldInfo,net/minecraft/world/storage
DestroyBlockProgress,net/minecraft/client/renderer
Direction,net/minecraft/util
DispenserBehaviorArrow,net/minecraft/dispenser
DispenserBehaviorBoat,net/minecraft/dispenser
DispenserBehaviorDye,net/minecraft/dispenser
DispenserBehaviorEgg,net/minecraft/dispenser
DispenserBehaviorEmptyBucket,net/minecraft/dispenser
DispenserBehaviorExperience,net/minecraft/dispenser
DispenserBehaviorFilledBucket,net/minecraft/dispenser
DispenserBehaviorFire,net/minecraft/dispenser
DispenserBehaviorFireball,net/minecraft/dispenser
DispenserBehaviorFireworks,net/minecraft/dispenser
DispenserBehaviorMobEgg,net/minecraft/dispenser
DispenserBehaviorPotion,net/minecraft/dispenser
DispenserBehaviorPotionProjectile,net/minecraft/dispenser
DispenserBehaviorSnowball,net/minecraft/dispenser
DispenserBehaviorTNT,net/minecraft/dispenser
DispenserBehaviors,net/minecraft/dispenser
EffectRenderer,net/minecraft/client/particle
Empty3,net/minecraft/enchantment
EmptyChunk,net/minecraft/world/chunk
Enchantment,net/minecraft/enchantment
EnchantmentArrowDamage,net/minecraft/enchantment
EnchantmentArrowFire,net/minecraft/enchantment
EnchantmentArrowInfinite,net/minecraft/enchantment
EnchantmentArrowKnockback,net/minecraft/enchantment
EnchantmentDamage,net/minecraft/enchantment
EnchantmentData,net/minecraft/enchantment
EnchantmentDigging,net/minecraft/enchantment
EnchantmentDurability,net/minecraft/enchantment
EnchantmentFireAspect,net/minecraft/enchantment
EnchantmentHelper,net/minecraft/enchantment
EnchantmentKnockback,net/minecraft/enchantment
EnchantmentLootBonus,net/minecraft/enchantment
EnchantmentModifierDamage,net/minecraft/enchantment
EnchantmentModifierLiving,net/minecraft/enchantment
EnchantmentNameParts,net/minecraft/util
EnchantmentOxygen,net/minecraft/enchantment
EnchantmentProtection,net/minecraft/enchantment
EnchantmentThorns,net/minecraft/enchantment
EnchantmentUntouching,net/minecraft/enchantment
EnchantmentWaterWorker,net/minecraft/enchantment
Entity,net/minecraft/entity
EntityAIArrowAttack,net/minecraft/entity/ai
EntityAIAttackOnCollide,net/minecraft/entity/ai
EntityAIAvoidEntity,net/minecraft/entity/ai
EntityAIAvoidEntitySelector,net/minecraft/entity/ai
EntityAIBase,net/minecraft/entity/ai
EntityAIBeg,net/minecraft/entity/ai
EntityAIBreakDoor,net/minecraft/entity/ai
EntityAIControlledByPlayer,net/minecraft/entity/ai
EntityAICreeperSwell,net/minecraft/entity/ai
EntityAIDefendVillage,net/minecraft/entity/ai
EntityAIDoorInteract,net/minecraft/entity/ai
EntityAIEatGrass,net/minecraft/entity/ai
EntityAIFleeSun,net/minecraft/entity/ai
EntityAIFollowGolem,net/minecraft/entity/ai
EntityAIFollowOwner,net/minecraft/entity/ai
EntityAIFollowParent,net/minecraft/entity/ai
EntityAIHurtByTarget,net/minecraft/entity/ai
EntityAILeapAtTarget,net/minecraft/entity/ai
EntityAILookAtTradePlayer,net/minecraft/entity/ai
EntityAILookAtVillager,net/minecraft/entity/ai
EntityAILookIdle,net/minecraft/entity/ai
EntityAIMate,net/minecraft/entity/ai
EntityAIMoveIndoors,net/minecraft/entity/ai
EntityAIMoveThroughVillage,net/minecraft/entity/ai
EntityAIMoveTowardsTarget,net/minecraft/entity/ai
EntityAIMoveTwardsRestriction,net/minecraft/entity/ai
EntityAINearestAttackableTarget,net/minecraft/entity/ai
EntityAINearestAttackableTargetSorter,net/minecraft/entity/ai
EntityAIOcelotAttack,net/minecraft/entity/ai
EntityAIOcelotSit,net/minecraft/entity/ai
EntityAIOpenDoor,net/minecraft/entity/ai
EntityAIOwnerHurtByTarget,net/minecraft/entity/ai
EntityAIOwnerHurtTarget,net/minecraft/entity/ai
EntityAIPanic,net/minecraft/entity/ai
EntityAIPlay,net/minecraft/entity/ai
EntityAIRestrictOpenDoor,net/minecraft/entity/ai
EntityAIRestrictSun,net/minecraft/entity/ai
EntityAISit,net/minecraft/entity/ai
EntityAISwimming,net/minecraft/entity/ai
EntityAITarget,net/minecraft/entity/ai
EntityAITargetNonTamed,net/minecraft/entity/ai
EntityAITaskEntry,net/minecraft/entity/ai
EntityAITasks,net/minecraft/entity/ai
EntityAITempt,net/minecraft/entity/ai
EntityAITradePlayer,net/minecraft/entity/ai
EntityAIVillagerMate,net/minecraft/entity/ai
EntityAIWander,net/minecraft/entity/ai
EntityAIWatchClosest,net/minecraft/entity/ai
EntityAIWatchClosest2,net/minecraft/entity/ai
EntityAgeable,net/minecraft/entity
EntityAmbientCreature,net/minecraft/entity/passive
EntityAnimal,net/minecraft/entity/passive
EntityArrow,net/minecraft/entity/projectile
EntityAuraFX,net/minecraft/client/particle
EntityBat,net/minecraft/entity/passive
EntityBlaze,net/minecraft/entity/monster
EntityBoat,net/minecraft/entity/item
EntityBodyHelper,net/minecraft/entity
EntityBreakingFX,net/minecraft/client/particle
EntityBubbleFX,net/minecraft/client/particle
EntityCaveSpider,net/minecraft/entity/monster
EntityChicken,net/minecraft/entity/passive
EntityClientPlayerMP,net/minecraft/client/entity
EntityCloudFX,net/minecraft/client/particle
EntityCow,net/minecraft/entity/passive
EntityCreature,net/minecraft/entity
EntityCreeper,net/minecraft/entity/monster
EntityCrit2FX,net/minecraft/client/particle
EntityCritFX,net/minecraft/client/particle
EntityDamageSource,net/minecraft/util
EntityDamageSourceIndirect,net/minecraft/util
EntityDiggingFX,net/minecraft/client/particle
EntityDragon,net/minecraft/entity/boss
EntityDragonPart,net/minecraft/entity/boss
EntityDropParticleFX,net/minecraft/client/particle
EntityEgg,net/minecraft/entity/projectile
EntityEggInfo,net/minecraft/entity
EntityEnchantmentTableParticleFX,net/minecraft/client/particle
EntityEnderCrystal,net/minecraft/entity/item
EntityEnderEye,net/minecraft/entity/item
EntityEnderPearl,net/minecraft/entity/item
EntityEnderman,net/minecraft/entity/monster
EntityExpBottle,net/minecraft/entity/item
EntityExplodeFX,net/minecraft/client/particle
EntityFX,net/minecraft/client/particle
EntityFallingSand,net/minecraft/entity/item
EntityFireball,net/minecraft/entity/projectile
EntityFireworkOverlayFX,net/minecraft/client/particle
EntityFireworkRocket,net/minecraft/entity/item
EntityFireworkSparkFX,net/minecraft/client/particle
EntityFireworkStarterFX,net/minecraft/client/particle
EntityFishHook,net/minecraft/entity/projectile
EntityFlameFX,net/minecraft/client/particle
EntityFlying,net/minecraft/entity
EntityFootStepFX,net/minecraft/client/particle
EntityGhast,net/minecraft/entity/monster
EntityGiantZombie,net/minecraft/entity/monster
EntityGolem,net/minecraft/entity/monster
EntityHanging,net/minecraft/entity
EntityHeartFX,net/minecraft/client/particle
EntityHugeExplodeFX,net/minecraft/client/particle
EntityIronGolem,net/minecraft/entity/monster
EntityItem,net/minecraft/entity/item
EntityItemFrame,net/minecraft/entity/item
EntityJumpHelper,net/minecraft/entity/ai
EntityLargeExplodeFX,net/minecraft/client/particle
EntityLargeFireball,net/minecraft/entity/projectile
EntityLavaFX,net/minecraft/client/particle
EntityLightningBolt,net/minecraft/entity/effect
EntityList,net/minecraft/entity
EntityLiving,net/minecraft/entity
EntityLookHelper,net/minecraft/entity/ai
EntityMagmaCube,net/minecraft/entity/monster
EntityMinecart,net/minecraft/entity/item
EntityMinecartChest,net/minecraft/entity/item
EntityMinecartContainer,net/minecraft/entity/item
EntityMinecartEmpty,net/minecraft/entity/item
EntityMinecartFurnace,net/minecraft/entity/item
EntityMinecartHopper,net/minecraft/entity/item
EntityMinecartMobSpawner,net/minecraft/entity/ai
EntityMinecartMobSpawnerLogic,net/minecraft/entity/ai
EntityMinecartTNT,net/minecraft/entity/item
EntityMob,net/minecraft/entity/monster
EntityMooshroom,net/minecraft/entity/passive
EntityMoveHelper,net/minecraft/entity/ai
EntityNoteFX,net/minecraft/client/particle
EntityOcelot,net/minecraft/entity/passive
EntityOtherPlayerMP,net/minecraft/client/entity
EntityPainting,net/minecraft/entity/item
EntityPickupFX,net/minecraft/client/particle
EntityPig,net/minecraft/entity/passive
EntityPigZombie,net/minecraft/entity/monster
EntityPlayer,net/minecraft/entity/player
EntityPlayerMP,net/minecraft/entity/player
EntityPlayerSP,net/minecraft/client/entity
EntityPortalFX,net/minecraft/client/particle
EntityPotion,net/minecraft/entity/projectile
EntityRainFX,net/minecraft/client/particle
EntityReddustFX,net/minecraft/client/particle
EntityRenderer,net/minecraft/client/renderer
EntitySelectorAlive,net/minecraft/command
EntitySelectorArmoredMob,net/minecraft/entity
EntitySelectorInventory,net/minecraft/command
EntitySenses,net/minecraft/entity/ai
EntitySheep,net/minecraft/entity/passive
EntitySilverfish,net/minecraft/entity/monster
EntitySkeleton,net/minecraft/entity/monster
EntitySlime,net/minecraft/entity/monster
EntitySmallFireball,net/minecraft/entity/projectile
EntitySmokeFX,net/minecraft/client/particle
EntitySnowShovelFX,net/minecraft/client/particle
EntitySnowball,net/minecraft/entity/projectile
EntitySnowman,net/minecraft/entity/monster
EntitySorter,net/minecraft/client/renderer
EntitySpellParticleFX,net/minecraft/client/particle
EntitySpider,net/minecraft/entity/monster
EntitySplashFX,net/minecraft/client/particle
EntitySquid,net/minecraft/entity/passive
EntitySuspendFX,net/minecraft/client/particle
EntityTNTPrimed,net/minecraft/entity/item
EntityTameable,net/minecraft/entity/passive
EntityThrowable,net/minecraft/entity/projectile
EntityTracker,net/minecraft/entity
EntityTrackerEntry,net/minecraft/entity
EntityVillager,net/minecraft/entity/passive
EntityWaterMob,net/minecraft/entity/passive
EntityWeatherEffect,net/minecraft/entity/effect
EntityWitch,net/minecraft/entity/monster
EntityWither,net/minecraft/entity/boss
EntityWitherAttackFilter,net/minecraft/entity/boss
EntityWitherSkull,net/minecraft/entity/projectile
EntityWolf,net/minecraft/entity/passive
EntityXPOrb,net/minecraft/entity/item
EntityZombie,net/minecraft/entity/monster
EnumAction,net/minecraft/item
EnumArmorMaterial,net/minecraft/item
EnumArt,net/minecraft/util
EnumChatFormatting,net/minecraft/util
EnumCreatureAttribute,net/minecraft/entity
EnumCreatureType,net/minecraft/entity
EnumDoor,net/minecraft/world/gen/structure
EnumDoorHelper,net/minecraft/world/gen/structure
EnumEnchantmentType,net/minecraft/enchantment
EnumEntitySize,net/minecraft/entity
EnumEntitySizeHelper,net/minecraft/entity
EnumFacing,net/minecraft/util
EnumGameType,net/minecraft/world
EnumMobType,net/minecraft/block
EnumMovingObjectType,net/minecraft/util
EnumOS,net/minecraft/util
EnumOSHelper,net/minecraft/client
EnumOptions,net/minecraft/client/settings
EnumOptionsHelper,net/minecraft/client/settings
EnumRarity,net/minecraft/item
EnumSkyBlock,net/minecraft/world
EnumStatus,net/minecraft/entity/player
EnumToolMaterial,net/minecraft/item
ExceptionMcoHttp,net/minecraft/client/mco
ExceptionMcoService,net/minecraft/client/mco
ExceptionRetryCall,net/minecraft/client/mco
Explosion,net/minecraft/world
ExtendedBlockStorage,net/minecraft/world/chunk/storage
Facing,net/minecraft/util
FilterIMob,net/minecraft/entity/monster
FlatGeneratorInfo,net/minecraft/world/gen
FlatLayerInfo,net/minecraft/world/gen
FontRenderer,net/minecraft/client/gui
FoodStats,net/minecraft/util
Frustrum,net/minecraft/client/renderer/culling
FurnaceRecipes,net/minecraft/item/crafting
GLAllocation,net/minecraft/client/renderer
GameRuleValue,net/minecraft/world
GameRules,net/minecraft/world
GameSettings,net/minecraft/client/settings
GameWindowListener,net/minecraft/client
GenLayer,net/minecraft/world/gen/layer
GenLayerAddIsland,net/minecraft/world/gen/layer
GenLayerAddMushroomIsland,net/minecraft/world/gen/layer
GenLayerAddSnow,net/minecraft/world/gen/layer
GenLayerBiome,net/minecraft/world/gen/layer
GenLayerFuzzyZoom,net/minecraft/world/gen/layer
GenLayerHills,net/minecraft/world/gen/layer
GenLayerIsland,net/minecraft/world/gen/layer
GenLayerRiver,net/minecraft/world/gen/layer
GenLayerRiverInit,net/minecraft/world/gen/layer
GenLayerRiverMix,net/minecraft/world/gen/layer
GenLayerShore,net/minecraft/world/gen/layer
GenLayerSmooth,net/minecraft/world/gen/layer
GenLayerSwampRivers,net/minecraft/world/gen/layer
GenLayerVoronoiZoom,net/minecraft/world/gen/layer
GenLayerZoom,net/minecraft/world/gen/layer
Gui,net/minecraft/client/gui
GuiAchievement,net/minecraft/client/gui/achievement
GuiAchievements,net/minecraft/client/gui/achievement
GuiBeacon,net/minecraft/client/gui/inventory
GuiBeaconButton,net/minecraft/client/gui/inventory
GuiBeaconButtonCancel,net/minecraft/client/gui/inventory
GuiBeaconButtonConfirm,net/minecraft/client/gui/inventory
GuiBeaconButtonPower,net/minecraft/client/gui/inventory
GuiBrewingStand,net/minecraft/client/gui/inventory
GuiButton,net/minecraft/client/gui
GuiButtonLanguage,net/minecraft/client/gui
GuiButtonLink,net/minecraft/client/gui
GuiButtonMerchant,net/minecraft/client/gui
GuiButtonNextPage,net/minecraft/client/gui
GuiChat,net/minecraft/client/gui
GuiChest,net/minecraft/client/gui/inventory
GuiCommandBlock,net/minecraft/client/gui
GuiConfirmOpenLink,net/minecraft/client/gui
GuiConnecting,net/minecraft/client/multiplayer
GuiContainer,net/minecraft/client/gui/inventory
GuiContainerCreative,net/minecraft/client/gui/inventory
GuiControls,net/minecraft/client/gui
GuiCrafting,net/minecraft/client/gui/inventory
GuiCreateFlatWorld,net/minecraft/client/gui
GuiCreateFlatWorldListSlot,net/minecraft/client/gui
GuiCreateWorld,net/minecraft/client/gui
GuiDisconnected,net/minecraft/client/gui
GuiDispenser,net/minecraft/client/gui/inventory
GuiDownloadTerrain,net/minecraft/client/gui
GuiEditSign,net/minecraft/client/gui/inventory
GuiEnchantment,net/minecraft/client/gui
GuiErrorScreen,net/minecraft/client/gui
GuiFlatPresets,net/minecraft/client/gui
GuiFlatPresetsItem,net/minecraft/client/gui
GuiFlatPresetsListSlot,net/minecraft/client/gui
GuiFurnace,net/minecraft/client/gui/inventory
GuiGameOver,net/minecraft/client/gui
GuiHopper,net/minecraft/client/gui
GuiIngame,net/minecraft/client/gui
GuiIngameMenu,net/minecraft/client/gui
GuiInventory,net/minecraft/client/gui/inventory
GuiLanguage,net/minecraft/client/gui
GuiLogFormatter,net/minecraft/server/gui
GuiLogOutputHandler,net/minecraft/server/gui
GuiMainMenu,net/minecraft/client/gui
GuiMemoryErrorScreen,net/minecraft/client/gui
GuiMerchant,net/minecraft/client/gui
GuiMultiplayer,net/minecraft/client/gui
GuiNewChat,net/minecraft/client/gui
GuiOptions,net/minecraft/client/gui
GuiParticle,net/minecraft/client/gui
GuiPlayerInfo,net/minecraft/client/gui
GuiProgress,net/minecraft/client/gui
GuiRenameWorld,net/minecraft/client/gui
GuiRepair,net/minecraft/client/gui
GuiScreen,net/minecraft/client/gui
GuiScreenAddServer,net/minecraft/client/gui
GuiScreenBook,net/minecraft/client/gui
GuiScreenConfigureWorld,net/minecraft/client/gui
GuiScreenConfirmation,net/minecraft/client/gui
GuiScreenCreateOnlineWorld,net/minecraft/client/gui
GuiScreenDemo,net/minecraft/client/gui
GuiScreenDisconnectedOnline,net/minecraft/client/gui
GuiScreenEditOnlineWorld,net/minecraft/client/gui
GuiScreenInvite,net/minecraft/client/gui
GuiScreenLongRunningTask,net/minecraft/client/gui
GuiScreenOnlineServers,net/minecraft/client/gui
GuiScreenResetWorld,net/minecraft/client/gui
GuiScreenSelectLocation,net/minecraft/client/gui
GuiScreenServerList,net/minecraft/client/gui
GuiScreenSubscription,net/minecraft/client/gui
GuiSelectWorld,net/minecraft/client/gui
GuiShareToLan,net/minecraft/client/gui
GuiSleepMP,net/minecraft/client/gui
GuiSlider,net/minecraft/client/gui
GuiSlot,net/minecraft/client/gui
GuiSlotLanguage,net/minecraft/client/gui
GuiSlotOnlineServerList,net/minecraft/client/gui
GuiSlotServer,net/minecraft/client/gui
GuiSlotStats,net/minecraft/client/gui/achievement
GuiSlotStatsBlock,net/minecraft/client/gui/achievement
GuiSlotStatsGeneral,net/minecraft/client/gui/achievement
GuiSlotStatsItem,net/minecraft/client/gui/achievement
GuiSmallButton,net/minecraft/client/gui
GuiSnooper,net/minecraft/client/gui
GuiSnooperList,net/minecraft/client/gui
GuiStats,net/minecraft/client/gui/achievement
GuiStatsComponent,net/minecraft/server/gui
GuiStatsListener,net/minecraft/server/gui
GuiTextField,net/minecraft/client/gui
GuiTexturePackSlot,net/minecraft/client/texturepacks
GuiTexturePacks,net/minecraft/client/texturepacks
GuiVideoSettings,net/minecraft/client/gui
GuiWinGame,net/minecraft/client/gui
GuiWorldSlot,net/minecraft/client/gui
GuiYesNo,net/minecraft/client/gui
Hopper,net/minecraft/tileentity
HttpUtil,net/minecraft/util
HttpUtilRunnable,net/minecraft/util
IAdminCommand,net/minecraft/command
IAnimals,net/minecraft/entity/passive
IBehaviorDispenseItem,net/minecraft/dispenser
IBlockAccess,net/minecraft/world
IBlockSource,net/minecraft/dispenser
IBossDisplayData,net/minecraft/entity/boss
ICamera,net/minecraft/client/renderer/culling
IChunkLoader,net/minecraft/world/chunk/storage
IChunkProvider,net/minecraft/world/chunk
ICommand,net/minecraft/command
ICommandManager,net/minecraft/command
ICommandSender,net/minecraft/command
ICrafting,net/minecraft/inventory
IDownloadSuccess,net/minecraft/util
IEnchantmentModifier,net/minecraft/enchantment
IEntityMultiPart,net/minecraft/entity
IEntitySelector,net/minecraft/command
IImageBuffer,net/minecraft/client/renderer
IInvBasic,net/minecraft/inventory
IInventory,net/minecraft/inventory
ILocatableSource,net/minecraft/dispenser
ILocation,net/minecraft/dispenser
ILogAgent,net/minecraft/logging
IMerchant,net/minecraft/entity
IMob,net/minecraft/entity/monster
INetworkManager,net/minecraft/network
INpc,net/minecraft/entity
IPlayerFileData,net/minecraft/world/storage
IPlayerUsage,net/minecraft/profiler
IPosition,net/minecraft/dispenser
IProgressUpdate,net/minecraft/util
IProjectile,net/minecraft/entity
IRangedAttackMob,net/minecraft/entity
IRecipe,net/minecraft/item/crafting
IRegistry,net/minecraft/dispenser
ISaveFormat,net/minecraft/world/storage
ISaveHandler,net/minecraft/world/storage
IServer,net/minecraft/network/rcon
ISidedInventory,net/minecraft/inventory
IStatStringFormat,net/minecraft/stats
IStatType,net/minecraft/stats
ITexturePack,net/minecraft/client/texturepacks
IThreadedFileIO,net/minecraft/world/storage
ITileEntityProvider,net/minecraft/block
IUpdatePlayerListBox,net/minecraft/server/gui
IWorldAccess,net/minecraft/world
Icon,net/minecraft/util
IconFlipped,net/minecraft/client/renderer
IconRegister,net/minecraft/client/renderer/texture
ImageBufferDownload,net/minecraft/client/renderer
IntCache,net/minecraft/world/gen/layer
IntHashMap,net/minecraft/util
IntHashMapEntry,net/minecraft/util
IntegratedPlayerList,net/minecraft/server/integrated
IntegratedServer,net/minecraft/server/integrated
IntegratedServerListenThread,net/minecraft/server/integrated
InventoryBasic,net/minecraft/inventory
InventoryCraftResult,net/minecraft/inventory
InventoryCrafting,net/minecraft/inventory
InventoryEffectRenderer,net/minecraft/client/renderer
InventoryEnderChest,net/minecraft/inventory
InventoryLargeChest,net/minecraft/inventory
InventoryMerchant,net/minecraft/inventory
InventoryPlayer,net/minecraft/entity/player
InventoryRepair,net/minecraft/inventory
Item,net/minecraft/item
ItemAnvilBlock,net/minecraft/item
ItemAppleGold,net/minecraft/item
ItemArmor,net/minecraft/item
ItemAxe,net/minecraft/item
ItemBed,net/minecraft/item
ItemBlock,net/minecraft/item
ItemBlockWithMetadata,net/minecraft/item
ItemBoat,net/minecraft/item
ItemBook,net/minecraft/item
ItemBow,net/minecraft/item
ItemBucket,net/minecraft/item
ItemBucketMilk,net/minecraft/item
ItemCarrotOnAStick,net/minecraft/item
ItemCloth,net/minecraft/item
ItemCoal,net/minecraft/item
ItemColored,net/minecraft/item
ItemDoor,net/minecraft/item
ItemDye,net/minecraft/item
ItemEditableBook,net/minecraft/item
ItemEgg,net/minecraft/item
ItemEmptyMap,net/minecraft/item
ItemEnchantedBook,net/minecraft/item
ItemEnderEye,net/minecraft/item
ItemEnderPearl,net/minecraft/item
ItemExpBottle,net/minecraft/item
ItemFireball,net/minecraft/item
ItemFirework,net/minecraft/item
ItemFireworkCharge,net/minecraft/item
ItemFishingRod,net/minecraft/item
ItemFlintAndSteel,net/minecraft/item
ItemFood,net/minecraft/item
ItemGlassBottle,net/minecraft/item
ItemHangingEntity,net/minecraft/item
ItemHoe,net/minecraft/item
ItemInWorldManager,net/minecraft/item
ItemLeaves,net/minecraft/item
ItemLilyPad,net/minecraft/item
ItemMap,net/minecraft/item
ItemMapBase,net/minecraft/item
ItemMinecart,net/minecraft/item
ItemMonsterPlacer,net/minecraft/item
ItemMultiTextureTile,net/minecraft/item
ItemPickaxe,net/minecraft/item
ItemPiston,net/minecraft/item
ItemPotion,net/minecraft/item
ItemRecord,net/minecraft/item
ItemRedstone,net/minecraft/item
ItemReed,net/minecraft/item
ItemRenderer,net/minecraft/client/renderer
ItemSaddle,net/minecraft/item
ItemSeedFood,net/minecraft/item
ItemSeeds,net/minecraft/item
ItemShears,net/minecraft/item
ItemSign,net/minecraft/item
ItemSimpleFoiled,net/minecraft/item
ItemSkull,net/minecraft/item
ItemSlab,net/minecraft/item
ItemSnow,net/minecraft/item
ItemSnowball,net/minecraft/item
ItemSoup,net/minecraft/item
ItemSpade,net/minecraft/item
ItemStack,net/minecraft/item
ItemSword,net/minecraft/item
ItemTool,net/minecraft/item
ItemWritableBook,net/minecraft/item
KeyBinding,net/minecraft/client/settings
LanServer,net/minecraft/client/multiplayer
LanServerList,net/minecraft/client/multiplayer
LoadingScreenRenderer,net/minecraft/client/gui
Location,net/minecraft/client/mco
Locations,net/minecraft/client/mco
LogAgent,net/minecraft/logging
LogAgentINNER1,net/minecraft/logging
LogFormatter,net/minecraft/logging
LongHashMap,net/minecraft/util
LongHashMapEntry,net/minecraft/util
LowerStringMap,net/minecraft/server/management
MD5String,net/minecraft/util
MapColor,net/minecraft/block/material
MapCoord,net/minecraft/world/storage
MapData,net/minecraft/world/storage
MapGenBase,net/minecraft/world/gen
MapGenCaves,net/minecraft/world/gen
MapGenCavesHell,net/minecraft/world/gen
MapGenMineshaft,net/minecraft/world/gen/structure
MapGenNetherBridge,net/minecraft/world/gen/structure
MapGenRavine,net/minecraft/world/gen
MapGenScatteredFeature,net/minecraft/world/gen/feature
MapGenStronghold,net/minecraft/world/gen/structure
MapGenStructure,net/minecraft/world/gen/structure
MapGenVillage,net/minecraft/world/gen/structure
MapInfo,net/minecraft/world/storage
MapItemRenderer,net/minecraft/client/gui
MapStorage,net/minecraft/world/storage
Material,net/minecraft/block/material
MaterialLiquid,net/minecraft/block/material
MaterialLogic,net/minecraft/block/material
MaterialPortal,net/minecraft/block/material
MaterialTransparent,net/minecraft/block/material
MaterialWeb,net/minecraft/block/material
MathHelper,net/minecraft/util
McoClient,net/minecraft/client/mco
McoOption,net/minecraft/client/mco
McoOptionNone,net/minecraft/client/mco
McoOptionSome,net/minecraft/client/mco
McoPair,net/minecraft/client/mco
McoServer,net/minecraft/client/mco
McoServerAddress,net/minecraft/client/mco
McoServerList,net/minecraft/client/mco
McoServerListINNER1,net/minecraft/client/mco
MemoryConnection,net/minecraft/network
MerchantRecipe,net/minecraft/village
MerchantRecipeList,net/minecraft/village
MinecraftAppletImpl,net/minecraft/client
MinecraftError,net/minecraft/util
MinecraftException,net/minecraft/world
MinecraftFakeLauncher,net/minecraft/client
MobSpawnerBaseLogic,net/minecraft/tileentity
ModelBase,net/minecraft/client/model
ModelBat,net/minecraft/client/model
ModelBiped,net/minecraft/client/model
ModelBlaze,net/minecraft/client/model
ModelBoat,net/minecraft/client/model
ModelBook,net/minecraft/client/model
ModelBox,net/minecraft/client/model
ModelChest,net/minecraft/client/model
ModelChicken,net/minecraft/client/model
ModelCow,net/minecraft/client/model
ModelCreeper,net/minecraft/client/model
ModelDragon,net/minecraft/client/model
ModelEnderCrystal,net/minecraft/client/model
ModelEnderman,net/minecraft/client/model
ModelGhast,net/minecraft/client/model
ModelIronGolem,net/minecraft/client/model
ModelLargeChest,net/minecraft/client/model
ModelMagmaCube,net/minecraft/client/model
ModelMinecart,net/minecraft/client/model
ModelOcelot,net/minecraft/client/model
ModelPig,net/minecraft/client/model
ModelQuadruped,net/minecraft/client/model
ModelRenderer,net/minecraft/client/model
ModelSheep1,net/minecraft/client/model
ModelSheep2,net/minecraft/client/model
ModelSign,net/minecraft/client/model
ModelSilverfish,net/minecraft/client/model
ModelSkeleton,net/minecraft/client/model
ModelSkeletonHead,net/minecraft/client/model
ModelSlime,net/minecraft/client/model
ModelSnowMan,net/minecraft/client/model
ModelSpider,net/minecraft/client/model
ModelSquid,net/minecraft/client/model
ModelVillager,net/minecraft/client/model
ModelWitch,net/minecraft/client/model
ModelWither,net/minecraft/client/model
ModelWolf,net/minecraft/client/model
ModelZombie,net/minecraft/client/model
ModelZombieVillager,net/minecraft/client/model
MouseFilter,net/minecraft/util
MouseHelper,net/minecraft/util
MovementInput,net/minecraft/util
MovementInputFromOptions,net/minecraft/util
MovingObjectPosition,net/minecraft/util
MusInputStream,net/minecraft/client/audio
NBTBase,net/minecraft/nbt
NBTTagByte,net/minecraft/nbt
NBTTagByteArray,net/minecraft/nbt
NBTTagCompound,net/minecraft/nbt
NBTTagDouble,net/minecraft/nbt
NBTTagEnd,net/minecraft/nbt
NBTTagFloat,net/minecraft/nbt
NBTTagInt,net/minecraft/nbt
NBTTagIntArray,net/minecraft/nbt
NBTTagList,net/minecraft/nbt
NBTTagLong,net/minecraft/nbt
NBTTagShort,net/minecraft/nbt
NBTTagString,net/minecraft/nbt
NetClientHandler,net/minecraft/client/multiplayer
NetClientWebTextures,net/minecraft/client/multiplayer
NetHandler,net/minecraft/network/packet
NetLoginHandler,net/minecraft/network
NetServerHandler,net/minecraft/network
NetworkListenThread,net/minecraft/network
NextTickListEntry,net/minecraft/world
NibbleArray,net/minecraft/world/chunk
NibbleArrayReader,net/minecraft/world/chunk/storage
NoiseGenerator,net/minecraft/world/gen
NoiseGeneratorOctaves,net/minecraft/world/gen
NoiseGeneratorPerlin,net/minecraft/world/gen
NpcMerchant,net/minecraft/entity
NumberInvalidException,net/minecraft/command
OpenGlCapsChecker,net/minecraft/client/renderer
OpenGlHelper,net/minecraft/client/renderer
Packet,net/minecraft/network/packet
Packet0KeepAlive,net/minecraft/network/packet
Packet100OpenWindow,net/minecraft/network/packet
Packet101CloseWindow,net/minecraft/network/packet
Packet102WindowClick,net/minecraft/network/packet
Packet103SetSlot,net/minecraft/network/packet
Packet104WindowItems,net/minecraft/network/packet
Packet105UpdateProgressbar,net/minecraft/network/packet
Packet106Transaction,net/minecraft/network/packet
Packet107CreativeSetSlot,net/minecraft/network/packet
Packet108EnchantItem,net/minecraft/network/packet
Packet10Flying,net/minecraft/network/packet
Packet11PlayerPosition,net/minecraft/network/packet
Packet12PlayerLook,net/minecraft/network/packet
Packet130UpdateSign,net/minecraft/network/packet
Packet131MapData,net/minecraft/network/packet
Packet132TileEntityData,net/minecraft/network/packet
Packet13PlayerLookMove,net/minecraft/network/packet
Packet14BlockDig,net/minecraft/network/packet
Packet15Place,net/minecraft/network/packet
Packet16BlockItemSwitch,net/minecraft/network/packet
Packet17Sleep,net/minecraft/network/packet
Packet18Animation,net/minecraft/network/packet
Packet19EntityAction,net/minecraft/network/packet
Packet1Login,net/minecraft/network/packet
Packet200Statistic,net/minecraft/network/packet
Packet201PlayerInfo,net/minecraft/network/packet
Packet202PlayerAbilities,net/minecraft/network/packet
Packet203AutoComplete,net/minecraft/network/packet
Packet204ClientInfo,net/minecraft/network/packet
Packet205ClientCommand,net/minecraft/network/packet
Packet206SetObjective,net/minecraft/network/packet
Packet207SetScore,net/minecraft/network/packet
Packet208SetDisplayObjective,net/minecraft/network/packet
Packet209SetPlayerTeam,net/minecraft/network/packet
Packet20NamedEntitySpawn,net/minecraft/network/packet
Packet22Collect,net/minecraft/network/packet
Packet23VehicleSpawn,net/minecraft/network/packet
Packet24MobSpawn,net/minecraft/network/packet
Packet250CustomPayload,net/minecraft/network/packet
Packet252SharedKey,net/minecraft/network/packet
Packet253ServerAuthData,net/minecraft/network/packet
Packet254ServerPing,net/minecraft/network/packet
Packet255KickDisconnect,net/minecraft/network/packet
Packet25EntityPainting,net/minecraft/network/packet
Packet26EntityExpOrb,net/minecraft/network/packet
Packet28EntityVelocity,net/minecraft/network/packet
Packet29DestroyEntity,net/minecraft/network/packet
Packet2ClientProtocol,net/minecraft/network/packet
Packet30Entity,net/minecraft/network/packet
Packet31RelEntityMove,net/minecraft/network/packet
Packet32EntityLook,net/minecraft/network/packet
Packet33RelEntityMoveLook,net/minecraft/network/packet
Packet34EntityTeleport,net/minecraft/network/packet
Packet35EntityHeadRotation,net/minecraft/network/packet
Packet38EntityStatus,net/minecraft/network/packet
Packet39AttachEntity,net/minecraft/network/packet
Packet3Chat,net/minecraft/network/packet
Packet40EntityMetadata,net/minecraft/network/packet
Packet41EntityEffect,net/minecraft/network/packet
Packet42RemoveEntityEffect,net/minecraft/network/packet
Packet43Experience,net/minecraft/network/packet
Packet4UpdateTime,net/minecraft/network/packet
Packet51MapChunk,net/minecraft/network/packet
Packet51MapChunkData,net/minecraft/network/packet
Packet52MultiBlockChange,net/minecraft/network/packet
Packet53BlockChange,net/minecraft/network/packet
Packet54PlayNoteBlock,net/minecraft/network/packet
Packet55BlockDestroy,net/minecraft/network/packet
Packet56MapChunks,net/minecraft/network/packet
Packet5PlayerInventory,net/minecraft/network/packet
Packet60Explosion,net/minecraft/network/packet
Packet61DoorChange,net/minecraft/network/packet
Packet62LevelSound,net/minecraft/network/packet
Packet63WorldParticles,net/minecraft/network/packet
Packet6SpawnPosition,net/minecraft/network/packet
Packet70GameEvent,net/minecraft/network/packet
Packet71Weather,net/minecraft/network/packet
Packet7UseEntity,net/minecraft/network/packet
Packet8UpdateHealth,net/minecraft/network/packet
Packet9Respawn,net/minecraft/network/packet
PacketCount,net/minecraft/network/packet
PanelCrashReport,net/minecraft/client
Particle,net/minecraft/client/gui
Path,net/minecraft/pathfinding
PathEntity,net/minecraft/pathfinding
PathFinder,net/minecraft/pathfinding
PathNavigate,net/minecraft/pathfinding
PathPoint,net/minecraft/pathfinding
PlayerCapabilities,net/minecraft/entity/player
PlayerControllerMP,net/minecraft/client/multiplayer
PlayerInstance,net/minecraft/server/management
PlayerListBox,net/minecraft/server/gui
PlayerManager,net/minecraft/server/management
PlayerNotFoundException,net/minecraft/command
PlayerPositionComparator,net/minecraft/server/management
PlayerSelector,net/minecraft/command
PlayerUsageSnooper,net/minecraft/profiler
PlayerUsageSnooperThread,net/minecraft/profiler
PortalPosition,net/minecraft/world
PositionImpl,net/minecraft/dispenser
PositionTextureVertex,net/minecraft/client/model
Potion,net/minecraft/potion
PotionEffect,net/minecraft/potion
PotionHealth,net/minecraft/potion
PotionHelper,net/minecraft/potion
Profiler,net/minecraft/profiler
ProfilerResult,net/minecraft/profiler
PropertyManager,net/minecraft/server/dedicated
RConConsoleSource,net/minecraft/network/rcon
RConOutputStream,net/minecraft/network/rcon
RConThreadBase,net/minecraft/network/rcon
RConThreadClient,net/minecraft/network/rcon
RConThreadMain,net/minecraft/network/rcon
RConThreadQuery,net/minecraft/network/rcon
RConThreadQueryAuth,net/minecraft/network/rcon
RConUtils,net/minecraft/network/rcon
RandomPositionGenerator,net/minecraft/entity/ai
RecipeFireworks,net/minecraft/item/crafting
RecipeSorter,net/minecraft/item/crafting
RecipesArmor,net/minecraft/item/crafting
RecipesArmorDyes,net/minecraft/item/crafting
RecipesCrafting,net/minecraft/item/crafting
RecipesDyes,net/minecraft/item/crafting
RecipesFood,net/minecraft/item/crafting
RecipesIngots,net/minecraft/item/crafting
RecipesMapCloning,net/minecraft/item/crafting
RecipesMapExtending,net/minecraft/item/crafting
RecipesTools,net/minecraft/item/crafting
RecipesWeapons,net/minecraft/item/crafting
Rect2i,net/minecraft/client/renderer/texture
RedstoneUpdateInfo,net/minecraft/block
RegionFile,net/minecraft/world/chunk/storage
RegionFileCache,net/minecraft/world/chunk/storage
RegionFileChunkBuffer,net/minecraft/world/chunk/storage
RegistryDefaulted,net/minecraft/dispenser
RegistrySimple,net/minecraft/dispenser
Render,net/minecraft/client/renderer/entity
RenderArrow,net/minecraft/client/renderer/entity
RenderBat,net/minecraft/client/renderer/entity
RenderBiped,net/minecraft/client/renderer/entity
RenderBlaze,net/minecraft/client/renderer/entity
RenderBlocks,net/minecraft/client/renderer
RenderBoat,net/minecraft/client/renderer/entity
RenderChicken,net/minecraft/client/renderer/entity
RenderCow,net/minecraft/client/renderer/entity
RenderCreeper,net/minecraft/client/renderer/entity
RenderDragon,net/minecraft/client/renderer/entity
RenderEnchantmentTable,net/minecraft/client/renderer/entity
RenderEndPortal,net/minecraft/client/renderer/tileentity
RenderEnderCrystal,net/minecraft/client/renderer/tileentity
RenderEnderman,net/minecraft/client/renderer/entity
RenderEngine,net/minecraft/client/renderer
RenderEntity,net/minecraft/client/renderer/entity
RenderFallingSand,net/minecraft/client/renderer/entity
RenderFireball,net/minecraft/client/renderer/entity
RenderFish,net/minecraft/client/renderer/entity
RenderGhast,net/minecraft/client/renderer/entity
RenderGiantZombie,net/minecraft/client/renderer/entity
RenderGlobal,net/minecraft/client/renderer
RenderHelper,net/minecraft/client/renderer
RenderIronGolem,net/minecraft/client/renderer/entity
RenderItem,net/minecraft/client/renderer/entity
RenderItemFrame,net/minecraft/client/renderer/tileentity
RenderLightningBolt,net/minecraft/client/renderer/entity
RenderList,net/minecraft/client/renderer
RenderLiving,net/minecraft/client/renderer/entity
RenderMagmaCube,net/minecraft/client/renderer/entity
RenderManager,net/minecraft/client/renderer/entity
RenderMinecart,net/minecraft/client/renderer/entity
RenderMinecartMobSpawner,net/minecraft/client/entity/render
RenderMooshroom,net/minecraft/client/renderer/entity
RenderOcelot,net/minecraft/client/renderer/entity
RenderPainting,net/minecraft/client/renderer/entity
RenderPig,net/minecraft/client/renderer/entity
RenderPlayer,net/minecraft/client/renderer/entity
RenderSheep,net/minecraft/client/renderer/entity
RenderSilverfish,net/minecraft/client/renderer/entity
RenderSkeleton,net/minecraft/client/renderer/entity
RenderSlime,net/minecraft/client/renderer/entity
RenderSnowMan,net/minecraft/client/renderer/entity
RenderSnowball,net/minecraft/client/renderer/entity
RenderSorter,net/minecraft/client/renderer
RenderSpider,net/minecraft/client/renderer/entity
RenderSquid,net/minecraft/client/renderer/entity
RenderTNTPrimed,net/minecraft/client/renderer/entity
RenderTntMinecart,net/minecraft/client/renderer/entity
RenderVillager,net/minecraft/client/renderer/entity
RenderWitch,net/minecraft/client/renderer/entity
RenderWither,net/minecraft/client/renderer/entity
RenderWitherSkull,net/minecraft/client/renderer/tileentity
RenderWolf,net/minecraft/client/renderer/entity
RenderXPOrb,net/minecraft/client/renderer/entity
RenderZombie,net/minecraft/client/renderer/entity
ReportedException,net/minecraft/util
Request,net/minecraft/client/mco
RequestDelete,net/minecraft/client/mco
RequestGet,net/minecraft/client/mco
RequestPost,net/minecraft/client/mco
RequestPut,net/minecraft/client/mco
SaveFormatComparator,net/minecraft/world/storage
SaveFormatOld,net/minecraft/world/storage
SaveHandler,net/minecraft/world/storage
SaveHandlerMP,net/minecraft/world/storage
ScaledResolution,net/minecraft/client/gui
ScheduledSound,net/minecraft/client/audio
Score,net/minecraft/scoreboard
ScoreComparator,net/minecraft/scoreboard
ScoreDummyCriteria,net/minecraft/scoreboard
ScoreHealthCriteria,net/minecraft/scoreboard
ScoreObjective,net/minecraft/scoreboard
ScoreObjectiveCriteria,net/minecraft/scoreboard
ScorePlayerTeam,net/minecraft/scoreboard
Scoreboard,net/minecraft/scoreboard
ScoreboardSaveData,net/minecraft/scoreboard
ScreenChatOptions,net/minecraft/client/gui
ScreenShotHelper,net/minecraft/util
SelectionListBase,net/minecraft/client/gui
SelectionListInvited,net/minecraft/client/gui
SelectionListLocation,net/minecraft/client/gui
ServerAddress,net/minecraft/client/multiplayer
ServerBlockEvent,net/minecraft/world
ServerBlockEventList,net/minecraft/world
ServerCommand,net/minecraft/command
ServerCommandManager,net/minecraft/command
ServerCommandScoreboard,net/minecraft/scoreboard
ServerCommandTestFor,net/minecraft/scoreboard
ServerConfigurationManager,net/minecraft/server/management
ServerData,net/minecraft/client/multiplayer
ServerGUI,net/minecraft/server/gui
ServerGuiCommandListener,net/minecraft/server/gui
ServerGuiFocusAdapter,net/minecraft/server/gui
ServerList,net/minecraft/client/multiplayer
ServerListenThread,net/minecraft/server
ServerScoreboard,net/minecraft/scoreboard
ServerWindowAdapter,net/minecraft/server/gui
Session,net/minecraft/util
ShapedRecipes,net/minecraft/item/crafting
ShapelessRecipes,net/minecraft/item/crafting
Slot,net/minecraft/inventory
SlotArmor,net/minecraft/inventory
SlotBeacon,net/minecraft/inventory
SlotBrewingStandIngredient,net/minecraft/inventory
SlotBrewingStandPotion,net/minecraft/inventory
SlotCrafting,net/minecraft/inventory
SlotCreativeInventory,net/minecraft/client/gui/inventory
SlotEnchantment,net/minecraft/inventory
SlotEnchantmentTable,net/minecraft/inventory
SlotFurnace,net/minecraft/inventory
SlotMerchantResult,net/minecraft/inventory
SlotRepair,net/minecraft/inventory
SorterStatsBlock,net/minecraft/client/gui/achievement
SorterStatsItem,net/minecraft/client/gui/achievement
SoundManager,net/minecraft/client/audio
SoundPool,net/minecraft/client/audio
SoundPoolEntry,net/minecraft/client/audio
SoundUpdaterMinecart,net/minecraft/entity/item
SpawnListEntry,net/minecraft/world/biome
SpawnerAnimals,net/minecraft/world
StatBase,net/minecraft/stats
StatBasic,net/minecraft/stats
StatCollector,net/minecraft/util
StatCrafting,net/minecraft/stats
StatFileWriter,net/minecraft/stats
StatList,net/minecraft/stats
StatPlaceholder,net/minecraft/client/stats
StatStringFormatKeyInv,net/minecraft/client
StatTypeDistance,net/minecraft/stats
StatTypeSimple,net/minecraft/stats
StatTypeTime,net/minecraft/stats
StatsSyncher,net/minecraft/stats
StepSound,net/minecraft/block
StepSoundAnvil,net/minecraft/block
StepSoundSand,net/minecraft/block
StepSoundStone,net/minecraft/block
StitchHolder,net/minecraft/client/renderer/texture
StitchSlot,net/minecraft/client/renderer/texture
Stitcher,net/minecraft/client/renderer/texture
StitcherException,net/minecraft/client/renderer
StringTranslate,net/minecraft/util
StringUtils,net/minecraft/util
StructureBoundingBox,net/minecraft/world/gen/structure
StructureComponent,net/minecraft/world/gen/structure
StructureMineshaftPieces,net/minecraft/world/gen/structure
StructureMineshaftStart,net/minecraft/world/gen/structure
StructureNetherBridgePieceWeight,net/minecraft/world/gen/structure
StructureNetherBridgePieces,net/minecraft/world/gen/structure
StructureNetherBridgeStart,net/minecraft/world/gen/structure
StructurePieceBlockSelector,net/minecraft/world/gen/structure
StructureScatteredFeatureStart,net/minecraft/world/gen/structure
StructureScatteredFeatureStones,net/minecraft/world/gen/structure
StructureStart,net/minecraft/world/gen/structure
StructureStrongholdPieceWeight,net/minecraft/world/gen/structure
StructureStrongholdPieceWeight2,net/minecraft/world/gen/structure
StructureStrongholdPieceWeight3,net/minecraft/world/gen/structure
StructureStrongholdPieces,net/minecraft/world/gen/structure
StructureStrongholdStart,net/minecraft/world/gen/structure
StructureStrongholdStones,net/minecraft/world/gen/structure
StructureVillagePieceWeight,net/minecraft/world/gen/structure
StructureVillagePieces,net/minecraft/world/gen/structure
StructureVillageStart,net/minecraft/world/gen/structure
SyntaxErrorException,net/minecraft/command
TaskLongRunning,net/minecraft/client/gui
TaskOnlineConnect,net/minecraft/client/gui
TaskResetWorld,net/minecraft/client/gui
TaskWorldCreation,net/minecraft/client/gui
TcpConnection,net/minecraft/network
TcpMasterThread,net/minecraft/network
TcpMonitorThread,net/minecraft/network
TcpReaderThread,net/minecraft/network
TcpWriterThread,net/minecraft/network
Teleporter,net/minecraft/world
Tessellator,net/minecraft/client/renderer
Texture,net/minecraft/client/renderer/texture
TextureClock,net/minecraft/client/renderer/texture
TextureCompass,net/minecraft/client/renderer/texture
TextureManager,net/minecraft/client/renderer/texture
TextureMap,net/minecraft/client/renderer/texture
TextureOffset,net/minecraft/client/model
TexturePackCustom,net/minecraft/client/texturepacks
TexturePackDefault,net/minecraft/client/texturepacks
TexturePackDownloadSuccess,net/minecraft/client/texturepacks
TexturePackFolder,net/minecraft/client/texturepacks
TexturePackImplementation,net/minecraft/client/texturepacks
TexturePackList,net/minecraft/client/texturepacks
TextureStitched,net/minecraft/client/renderer/texture
TexturedQuad,net/minecraft/client/model
ThreadClientSleep,net/minecraft/client
ThreadConnectToOnlineServer,net/minecraft/client/gui
ThreadConnectToServer,net/minecraft/client/multiplayer
ThreadCreateOnlineWorldScreen,net/minecraft/client/gui
ThreadDedicatedServer,net/minecraft/server
ThreadDownloadImage,net/minecraft/client/renderer
ThreadDownloadImageData,net/minecraft/client/renderer
ThreadDownloadResources,net/minecraft/util
ThreadLanServerFind,net/minecraft/client/multiplayer
ThreadLanServerPing,net/minecraft/client/multiplayer
ThreadLoginVerifier,net/minecraft/network
ThreadMinecraftServer,net/minecraft/server
ThreadOnlineConnect,net/minecraft/client/gui
ThreadOnlineScreen,net/minecraft/client/gui
ThreadPollServers,net/minecraft/client/gui
ThreadShutdown,net/minecraft/client
ThreadStatSyncherReceive,net/minecraft/stats
ThreadStatSyncherSend,net/minecraft/stats
ThreadTitleScreen,net/minecraft/client/gui
ThreadedFileIOBase,net/minecraft/world/storage
TileEntity,net/minecraft/tileentity
TileEntityBeacon,net/minecraft/tileentity
TileEntityBeaconRenderer,net/minecraft/client/renderer/tileentity
TileEntityBrewingStand,net/minecraft/tileentity
TileEntityChest,net/minecraft/tileentity
TileEntityChestRenderer,net/minecraft/client/renderer/tileentity
TileEntityCommandBlock,net/minecraft/tileentity
TileEntityComparator,net/minecraft/tileentity
TileEntityDaylightDetector,net/minecraft/tileentity
TileEntityDispenser,net/minecraft/tileentity
TileEntityDropper,net/minecraft/tileentity
TileEntityEnchantmentTable,net/minecraft/tileentity
TileEntityEndPortal,net/minecraft/tileentity
TileEntityEnderChest,net/minecraft/tileentity
TileEntityEnderChestRenderer,net/minecraft/client/renderer/tileentity
TileEntityFurnace,net/minecraft/tileentity
TileEntityHopper,net/minecraft/tileentity
TileEntityMobSpawner,net/minecraft/tileentity
TileEntityMobSpawnerLogic,net/minecraft/tileentity
TileEntityMobSpawnerRenderer,net/minecraft/client/renderer/tileentity
TileEntityNote,net/minecraft/tileentity
TileEntityPiston,net/minecraft/tileentity
TileEntityRecordPlayer,net/minecraft/tileentity
TileEntityRenderer,net/minecraft/client/renderer/tileentity
TileEntityRendererPiston,net/minecraft/client/renderer/tileentity
TileEntitySign,net/minecraft/tileentity
TileEntitySignRenderer,net/minecraft/client/renderer/tileentity
TileEntitySkull,net/minecraft/tileentity
TileEntitySkullRenderer,net/minecraft/client/renderer/tileentity
TileEntitySpecialRenderer,net/minecraft/client/renderer/tileentity
Timer,net/minecraft/util
TimerTaskMcoServerListUpdate,net/minecraft/client/mco
TimerTaskMcoServerListUpdateComparator,net/minecraft/client/mco
Tuple,net/minecraft/util
ValueObject,net/minecraft/util
ValueObjectList,net/minecraft/client/mco
ValueObjectSubscription,net/minecraft/client/mco
Vec3,net/minecraft/util
Vec3Pool,net/minecraft/util
Village,net/minecraft/village
VillageAgressor,net/minecraft/village
VillageCollection,net/minecraft/village
VillageDoorInfo,net/minecraft/village
VillageSiege,net/minecraft/village
WatchableObject,net/minecraft/entity
WeightedRandom,net/minecraft/util
WeightedRandomChestContent,net/minecraft/util
WeightedRandomItem,net/minecraft/util
WeightedRandomMinecart,net/minecraft/tileentity
World,net/minecraft/world
WorldChunkManager,net/minecraft/world/biome
WorldChunkManagerHell,net/minecraft/world/biome
WorldClient,net/minecraft/client/multiplayer
WorldGenBigMushroom,net/minecraft/world/gen/feature
WorldGenBigTree,net/minecraft/world/gen/feature
WorldGenCactus,net/minecraft/world/gen/feature
WorldGenClay,net/minecraft/world/gen/feature
WorldGenDeadBush,net/minecraft/world/gen/feature
WorldGenDesertWells,net/minecraft/world/gen/feature
WorldGenDungeons,net/minecraft/world/gen/feature
WorldGenFire,net/minecraft/world/gen/feature
WorldGenFlowers,net/minecraft/world/gen/feature
WorldGenForest,net/minecraft/world/gen/feature
WorldGenGlowStone1,net/minecraft/world/gen/feature
WorldGenGlowStone2,net/minecraft/world/gen/feature
WorldGenHellLava,net/minecraft/world/gen/feature
WorldGenHugeTrees,net/minecraft/world/gen/feature
WorldGenLakes,net/minecraft/world/gen/feature
WorldGenLiquids,net/minecraft/world/gen/feature
WorldGenMinable,net/minecraft/world/gen/feature
WorldGenPumpkin,net/minecraft/world/gen/feature
WorldGenReed,net/minecraft/world/gen/feature
WorldGenSand,net/minecraft/world/gen/feature
WorldGenShrub,net/minecraft/world/gen/feature
WorldGenSpikes,net/minecraft/world/gen/feature
WorldGenSwamp,net/minecraft/world/gen/feature
WorldGenTaiga1,net/minecraft/world/gen/feature
WorldGenTaiga2,net/minecraft/world/gen/feature
WorldGenTallGrass,net/minecraft/world/gen/feature
WorldGenTrees,net/minecraft/world/gen/feature
WorldGenVines,net/minecraft/world/gen/feature
WorldGenWaterlily,net/minecraft/world/gen/feature
WorldGenerator,net/minecraft/world/gen/feature
WorldGeneratorBonusChest,net/minecraft/world/gen/feature
WorldInfo,net/minecraft/world/storage
WorldManager,net/minecraft/world
WorldProvider,net/minecraft/world
WorldProviderEnd,net/minecraft/world
WorldProviderHell,net/minecraft/world
WorldProviderSurface,net/minecraft/world
WorldRenderer,net/minecraft/client/renderer
WorldSavedData,net/minecraft/world
WorldServer,net/minecraft/world
WorldServerMulti,net/minecraft/world
WorldSettings,net/minecraft/world
WorldType,net/minecraft/world
WrongUsageException,net/minecraft/command
class,package
